{
    "loss": 14.36583423614502,
    "accuracy": 0.5179855823516846
}